{
  "style": [
    "0", "0", "0",
    "30", "30", "30",
    "10",
    "255", "255", "255",
    "200", "200", "200",
    "system",
    "Segoe UI"
  ],
  "items": [
    {
      "type": "widget",
      "widgetClass": "sclock",
      "width": 50,
      "height": 30,
      "posX": 100,
      "posY": 100,
      "settings": {
        "format": "HH:mm"
      }
    },
    {
      "type": "panel",
      "name": "Left screen",
      "width": 1920,
      "height": 50,
      "posX": 1030,
      "posY": 0,
      "items": [
        {
          "type": "widget",
          "widgetClass": "sstart",
          "width": 50,
          "height": 30,
          "posX": 100,
          "posY": 100,
          "settings": {
            "useFontColor": "1"
          }
        }
      ]
    }
  ]
}